"x","y","z","c"
0.187781374637275,0.239536731663175,0.382491788912141,"0"
-1.30897873537828,-0.143321411832289,-0.966647709302744,"0"
-0.987612851194488,0.679918209059092,-0.0375517560092705,"0"
0.924979677089405,0.607234974269144,-0.14685635173137,"0"
-0.0986626167944114,0.00432942928636821,-0.588875705480903,"0"
-0.2619995561104,-0.142266011520095,-0.841287648795042,"0"
0.574375715541011,0.678927462886348,0.700173815944731,"0"
-0.776767944543084,-1.17035848733417,-0.0236227879945592,"0"
-0.785151011840269,0.517641832823833,-0.576465652540472,"0"
0.00837680156734884,-0.628760247323083,1.18252938261753,"0"
0.724566223839349,1.27835722815618,-0.0308193050594571,"0"
-0.0255298400115592,0.137602191082836,0.0787641605203762,"0"
-0.643007656697565,-0.144084279460312,-0.629196457922159,"0"
0.330221641193091,0.733752081545085,0.431430653861701,"0"
-0.172629746419649,0.237200015408309,-0.842305233526565,"0"
-0.780707729926671,-0.153078432255918,-0.134246930439427,"0"
-0.759506070430328,0.339914514100752,0.271601195424347,"0"
0.0581097330299348,0.00174144058799533,-0.696987666586999,"0"
-1.26068461799165,-1.57269829959725,-0.507259668406425,"0"
0.0933025594607753,0.197847854642897,-0.221109295406172,"0"
0.0403624611684619,-0.0405103253269531,-0.733051672900642,"0"
-0.191623578582797,-0.838118631123861,0.658369391654543,"0"
0.0841007413255353,-0.101266212828704,0.720211623886085,"0"
0.174824835839751,0.509550707800556,-0.574574154272333,"0"
-0.239536850296763,-0.371091327602157,0.627497561151781,"0"
0.670338614601787,0.443539844766304,0.243139626741556,"0"
-0.69781764691005,0.0625901214183352,-0.306513413932891,"0"
-0.11066552513681,-0.848993213649277,-0.0869900081637565,"0"
0.435915020034475,0.510152105098632,-0.11106957603195,"0"
-0.975723715760191,-0.0175357437836743,0.298224490687763,"0"
0.407897314143091,0.155414500324444,-0.605011052630467,"0"
0.158843525390431,1.13110037382472,-0.730218365396894,"0"
-0.849184821528905,-0.856663536189059,0.0668342434121497,"0"
0.217350236640127,0.102658057224112,0.0215528648631175,"0"
0.979403579453973,0.355291927899739,0.872492247213308,"0"
-0.19287265738872,-0.343817383009315,-0.320213718288971,"0"
-0.175064263508431,-0.727849012656008,0.00847887165019875,"0"
-0.313314525789103,-0.10088486599476,0.0300986624200424,"0"
-1.46487362134477,1.25011120227802,-0.565014383217172,"0"
0.979874383899434,-0.0237952475038016,-0.362995506296101,"0"
0.805505073229856,-1.21755702405797,-0.0572008116873416,"0"
0.381584675734231,0.163515175787224,-0.403988675688822,"0"
-0.22545173914074,0.672186169412569,0.104218641460171,"0"
0.0230854351416384,0.836289895745577,0.421104470651845,"0"
-0.828554390525247,0.884120258654887,-0.797507253621692,"0"
0.584992287842497,0.327407582267392,0.7688629444142,"0"
-0.259716533611264,0.82077235219577,0.838066316313756,"0"
-0.781695195976074,0.346171781188105,-0.352883279879641,"0"
-0.492550319235504,0.141473589587428,0.477063556776243,"0"
0.284308811243029,-0.0843149298299068,-0.194718786245341,"0"
-0.134447864420273,-1.74721926163742,-0.0201851075847363,"0"
-0.416998305546199,-0.673552218428105,-0.00255515176592876,"0"
0.349573067787131,0.479377965823382,-0.377278386163774,"0"
-0.185634474774603,0.258914636495724,1.82091770704889,"0"
0.0434128697985407,1.21327906733962,0.0316480919562867,"0"
-1.01884781933752,-0.118423761305307,-0.114195304186321,"0"
0.152961665894365,1.43720311684132,-0.279386589413616,"0"
0.180575161874666,0.985455872258187,-0.00327177762557527,"0"
-0.193221020319464,0.418018590900343,-0.165483772687397,"0"
0.346353321946079,0.640595912735492,0.553504109496209,"0"
0.67079497565743,0.441310621310974,-0.479963134022413,"0"
0.00464235896392994,-1.22222073685068,0.169355475026821,"0"
0.732427639315618,-1.03221682110082,0.335480816125781,"0"
0.494854533978014,0.279489528549911,-0.0144269735247068,"0"
-0.494838566966099,0.169348347914733,-0.920158827343344,"0"
0.406320189961896,0.198696864767907,-0.0194544037132354,"0"
0.486794853541584,-0.771991053724818,-0.879213199594067,"0"
-0.493563257584162,-1.53131832126451,-0.0733414925643029,"0"
0.632100908052652,0.464886643719518,0.249264759259679,"0"
0.0598050722748701,-0.589241600589444,0.344191627728942,"0"
-0.362161396638847,0.449739416081478,0.16441279183073,"0"
0.089153936800848,-0.776378610330041,0.153269062996502,"0"
0.162240163085837,0.0618490671933596,0.409604783992669,"0"
-0.814109546994367,-0.70876550710059,-0.198146734569775,"0"
-0.674997487656605,0.0119067522072752,-0.203300118432603,"0"
0.43589360562653,-0.213794555944088,-0.0306617817592061,"0"
-0.158203833699018,1.39945676646048,-0.391807104659108,"0"
0.322340734119027,-0.663085004426645,0.906400983148683,"0"
-0.515524898592063,-0.65326394661267,0.652914937049423,"0"
-0.243895869220748,-1.18928127513133,0.0351108710477827,"0"
-0.456261849245438,0.347009455935755,-0.38884666399932,"0"
0.34873107270168,0.701442622644085,0.606756325212651,"0"
-0.440502175126041,0.245516493733207,0.522687819000639,"0"
-0.0474028718099201,1.48260362854145,0.265560350345885,"0"
-0.511911401809643,0.323798919584568,0.580103738262269,"0"
-0.515675268142706,-0.424811276031342,-0.601182055336223,"0"
0.167005829663289,0.809794807367159,-0.552875286696239,"0"
-0.249714888600724,0.0947591600040871,0.782875243552102,"0"
0.325160630636969,-0.633409371852348,1.17989071354566,"0"
-0.647220894532004,0.0328700824570604,-0.972231324318587,"0"
0.190825076402851,0.768779746717795,0.257466857904433,"0"
-0.145612363120483,-0.204713580606458,-0.0401889654102559,"0"
0.184122122146654,-0.830075129906126,-0.000184222948585394,"0"
0.782653332833712,-0.0780737670422295,0.0918530083556313,"0"
1.18412831302685,0.201976930824162,-0.723561508666473,"0"
0.699204716443964,0.106364951555542,-0.281519834884384,"0"
0.00619372216391709,0.0213511935027579,-0.12534338291888,"0"
0.462402446946355,-0.933298463213891,0.836144262160881,"0"
0.0659079969799412,-0.055805592757619,0.881690053395672,"0"
-0.0504699307139675,-0.846539754909374,0.206916114106001,"0"
0.411874278298977,-0.0660116194847591,-0.589362968661924,"0"
-0.775684383076016,-1.44190923080194,-1.01204209229206,"0"
-0.909631883540577,0.765144879620348,0.158819683775489,"0"
-0.150100853331562,0.255413540808121,0.295262428022701,"0"
-0.266375678102787,0.43912625437834,-0.717220809279137,"0"
0.548943621476922,0.217037911543832,-1.14234962139791,"0"
-0.334323520817106,-0.0506967963075458,0.256075244160959,"0"
0.766584294635499,0.201403264798462,-0.188628431434623,"0"
-0.1418867290323,0.904906951294033,-0.235485255807353,"0"
-1.0778273471265,-0.807913677270118,-1.01796861666058,"0"
-0.27302614648727,-0.386395258519428,-0.403238505238652,"0"
0.583987828723839,-0.104136203380493,0.596622709547784,"0"
1.22621744798797,-0.736907534476144,-0.728692023524823,"0"
0.47602603733956,0.581556403084195,0.996792456664121,"0"
-0.364742143393711,-0.630741234583813,-0.0843736820747345,"0"
-0.177313194754566,-0.0871187850898051,-0.0504141502028122,"0"
-0.472676842380353,0.307818400921729,0.655201296161406,"0"
-0.540396484077544,-2.07683304245754,-0.941868401909844,"0"
0.172775333135695,-0.149560115235693,-0.646107102520278,"0"
0.530543552202045,1.14836873981669,-0.112479797468378,"0"
-0.571503599057238,-0.0898963379175078,0.79116308693173,"0"
-0.211969109814708,-0.41984644258263,0.415651794733703,"0"
-0.0741998284228303,0.8337761502029,0.795082311852152,"0"
0.359892357418133,0.0487412390695637,0.428618492380621,"0"
0.107632451280505,-0.0850250480747738,-0.0827051260350145,"0"
0.0277536024217467,-0.776519822567424,-0.378270790064367,"0"
-0.248246036919984,-0.28210218009665,0.580254995691638,"0"
0.027473384534323,0.538794910362293,-0.927583593642006,"0"
0.220314428537391,0.0164733505252722,-1.04074338240079,"0"
-0.362697882743415,0.864864072030902,-0.785418989073304,"0"
1.15488018035847,-0.691284190066572,0.224100894405603,"0"
-0.800320558791671,0.235455803643412,0.155651134266028,"0"
-0.32243558691642,0.00564903857257083,-0.346339688868,"0"
-0.115150367150829,1.2245143531212,0.368135445586153,"0"
-0.993965137688921,0.729474965128375,-0.911495254629946,"0"
-0.0836770855694635,-0.452896657321625,0.78987422747732,"0"
0.285352873933374,0.0708570363405426,0.427955683417212,"0"
-1.01520977671637,0.18497556490176,0.486831395310736,"0"
0.574177622630709,-2.2621779537197,0.0993703387089319,"0"
0.0521569616813371,0.650949975935977,0.185140741996979,"0"
0.581659133632252,0.446878982454731,2.01243660448402,"0"
0.148343896602752,-1.59836930894782,0.618368444838895,"0"
-0.0442920540558517,-0.00399850692675014,-0.231441690566389,"0"
-0.386377474266192,-0.576511486755756,0.739660659907426,"0"
-1.01040441252421,0.282679417729862,-0.0848285237482808,"0"
-0.398918158462556,0.219246695472233,0.213733487013412,"0"
0.0671248841877298,0.323428812105084,0.846353099209761,"0"
-0.617026696257708,0.23094581079588,1.21213621284807,"0"
-0.808720702263015,-0.586243202853176,0.728818531845211,"0"
0.504980591373499,-0.624246757463506,0.183444543691805,"0"
3.56528408531433,-0.293746390981767,0.0131939571419844,"1"
2.51523421445519,-0.459826796594861,0.170529271817016,"1"
2.8117630668381,-0.405550127974531,-0.00225327034003306,"1"
3.13334107721149,0.194934946317547,0.800420824607055,"1"
3.05823378039647,0.306127826188044,-0.220283530886558,"1"
3.33031461748649,0.126339174095517,0.900404186791841,"1"
2.88756370026105,0.442008704410297,-0.116648931172203,"1"
2.62606343615189,1.64737676535176,-0.427098633250329,"1"
3.2830013432019,0.00994888785443675,-0.371687893898142,"1"
3.47898122620416,-0.468217462522813,0.0847667257266283,"1"
2.74880160822734,-0.0244308551599403,-0.220059102875149,"1"
3.79421018750096,-0.320748560440092,-0.10943549902304,"1"
2.89248170732625,-0.582065575022084,-0.146246004183697,"1"
2.30222186892975,-0.507132788704064,-0.42576191902503,"1"
2.78069430439414,-0.391207531722369,0.25478735878376,"1"
3.72297217144589,-0.471043936908844,-0.225493537418969,"1"
3.51838875480233,1.1378302890429,-0.555482881317918,"1"
2.979839859663,-0.859380666058838,-0.336084931656032,"1"
3.65726699169551,0.435880299030555,-0.116028980506291,"1"
3.81025558412904,0.277074994892936,-0.0466881064497195,"1"
3.14432528492558,0.1191640846441,0.134806796412182,"1"
2.08043909781874,0.834445083250169,0.270185504518637,"1"
2.57244382014382,0.237250408507734,0.688307285323162,"1"
2.73835700970468,0.92269995655088,-0.639030273065109,"1"
2.76941897099463,1.00129704590141,-0.683864902861304,"1"
2.24719812108551,-0.373839993159356,0.0667636473627569,"1"
3.1933483433799,-0.390045684422941,-0.0595521465013994,"1"
2.9822685116359,0.131526388773847,0.197432733493258,"1"
3.15730994039249,0.667668724522791,0.512805287679027,"1"
3.11118225872563,-0.129943567082938,0.358969583139087,"1"
3.85280353212956,-0.448504092962103,-0.913285046607661,"1"
4.24606281678774,-0.168378597615576,-0.363222769490531,"1"
2.86545990706412,0.533965235475976,-0.60096962666366,"1"
3.07642529823161,0.446546647071313,0.224697393998246,"1"
3.72111678675369,-0.284666495763568,0.625087122670058,"1"
4.28445372602996,-0.390686061309158,-0.273407151519268,"1"
2.33461974213718,0.664199606075578,0.710895967336316,"1"
2.08848855011594,-0.49233737336888,0.165026673198671,"1"
3.52549948583921,-0.189260431224609,0.515678737490935,"1"
2.66009975223825,-1.17801361528063,-0.812674109989534,"1"
2.66952457723956,0.223968762045416,-0.0598090159682682,"1"
3.32633511121328,-0.682700024231601,0.824736557968663,"1"
3.16328089915786,-0.267175024351061,-0.960099061484969,"1"
2.42899545907642,1.23343784553728,-0.210675283540361,"1"
4.17099400314934,0.661641622411963,0.798722990118888,"1"
3.12747535538445,-0.262746969541738,-0.0423747697027864,"1"
2.55955018133245,-0.394743285325712,-1.05493686214206,"1"
2.08102371431248,-0.446040515693297,-0.0783461243121547,"1"
3.888724981197,-0.622283831031661,0.315737674910347,"1"
2.57868939531001,0.478814604153172,0.0147028948357039,"1"
3.09936812359802,-0.578775009775879,0.628843664307902,"1"
2.85186773171431,-0.398486993779434,0.943648776202442,"1"
2.89501379827509,-0.971904564095949,0.473237595853883,"1"
3.53206051267068,-0.16102332569447,1.00218764859459,"1"
3.2194610331425,3.02583489307881e-05,0.0664445647934411,"1"
1.72638594678475,0.126860135256974,0.0869103592971828,"1"
3.58063878382431,0.301067019162924,0.428230991521196,"1"
2.56582761926391,0.235817941325838,-0.483136878346783,"1"
2.82021908702903,0.48603454108382,0.621681187132808,"1"
3.19056039845343,0.36741802285241,-0.439388467408134,"1"
2.8941292607442,-1.11348511537294,0.0461282885131573,"1"
2.62370642280656,-0.217854012973709,0.0884108262303002,"1"
2.28613595527673,0.338898350182521,-0.635979486318044,"1"
3.1436278549014,0.609906245285825,-0.410821632754405,"1"
3.01315329381931,0.155590821549041,0.734199844773969,"1"
3.06022262438441,0.806246030395066,0.788150728395135,"1"
1.78978003565612,0.125984627603779,-0.156046251449355,"1"
3.27151298303488,-0.578652511575177,0.696261134440196,"1"
2.82346782270932,-0.600077400498223,-0.168668475777937,"1"
3.79755749014817,0.650835934973734,-0.320159114517696,"1"
3.47330674855961,0.0113647292748166,0.187806798180492,"1"
3.15735540854426,-0.272495465854698,0.347317537185159,"1"
2.60534788892945,0.313657875832025,-1.25249488087539,"1"
3.00951397660531,-1.34212313961147,0.40879948127762,"1"
3.23295639222588,0.408077634564832,-1.09359342307866,"1"
3.20838677440118,-0.00659252260342711,0.456106955195119,"1"
3.28674307458954,-0.201929823081126,0.643469251251554,"1"
3.07185159788153,-0.65053925625042,-0.957597035715627,"1"
2.7035263543965,-0.548237231061305,0.471874820126717,"1"
2.44093239859333,0.735489504653265,0.54952440733716,"1"
3.04010370077794,0.292045894134626,0.601616963141809,"1"
3.0392958372953,-0.519103879972779,0.3890264874642,"1"
2.81509199770058,1.25556329970707,-0.780127770739811,"1"
3.88665401099468,0.817984184680976,0.624340884481115,"1"
3.06876098357465,-0.445375847810105,0.0026749034242809,"1"
2.79902489867444,0.168296873095681,-0.65068075574772,"1"
3.46198433134385,-0.565518117398674,0.128421137692803,"1"
3.70489904588691,0.447773468033547,-0.328276648267898,"1"
3.50132011761358,0.271882141407356,0.82485319873232,"1"
3.06821049113135,0.657730925454108,0.700947398948865,"1"
3.66101090853173,0.328814654762905,-0.452180015080465,"1"
2.90987957303612,-0.556362784806509,0.0267073457466089,"1"
2.6714765945358,0.239750245513123,-0.153329015172035,"1"
2.51105650762933,0.754259795929027,0.393956742619432,"1"
3.11488333104405,-0.104390127483897,-0.410623181773733,"1"
2.89804151832995,-0.270784162196277,-0.341425621127437,"1"
3.31074932050514,-0.825642195265171,0.405149511800063,"1"
2.87815934096188,1.25224001592885,0.764769317025012,"1"
2.91224091505458,-0.956792775422264,0.664105477292304,"1"
3.61592465776987,-1.44021361777818,-1.47875862490577,"1"
3.21385153139188,0.178929695825408,-0.068927782969192,"1"
1.93630673631896,0.864459496026927,-0.219018409093937,"1"
3.60417972574602,0.989332113340534,0.746037505659013,"1"
3.05943116242157,1.53315267373955,0.610229419728656,"1"
4.03912674356604,0.299473890271321,0.30474802907277,"1"
2.80998162294958,0.0913086549766666,-0.432712348047407,"1"
3.1881940167488,-0.477667655153777,0.671590727939447,"1"
3.59425562219974,0.575036236336828,0.0942005575345007,"1"
3.22815780402708,-0.252591018740749,0.550130644893985,"1"
3.20463546724641,-0.19852012297073,-0.230808477994515,"1"
2.99770204459827,0.132024090976825,-0.210626633518448,"1"
3.35522045129318,-0.652716588447267,-0.488860471924481,"1"
4.18306917907896,-0.202765643303981,-0.521565833563495,"1"
3.10510993100947,-0.310261091437231,0.293010409684026,"1"
2.84515868400585,-0.10287002006045,-0.589905675494613,"1"
3.147575005216,0.0104629928768082,-0.537168111169375,"1"
3.92706336782872,0.00444287217696728,0.63115521087341,"1"
2.96614870690644,1.08567754620814,0.393991750839488,"1"
2.81695952108965,0.280453510109575,0.387259552564686,"1"
2.89411572875582,-0.214981731131823,0.938106965385599,"1"
2.00641066921081,0.460764002557835,-0.517614607976192,"1"
3.16655109403155,-0.196940222068414,-0.640337963415427,"1"
2.74471650792474,0.872827110436106,-0.466096890640437,"1"
2.49262951942074,0.989274926783942,-0.298673365011924,"1"
3.30410981341618,0.659538966687939,-0.207743543655432,"1"
1.84326706424808,0.516386434867485,-0.209270630804341,"1"
2.50701429567876,-0.227735095077758,-0.243766895594035,"1"
3.34115068677997,0.579538563165672,0.338442456865866,"1"
2.68795187402876,-0.138807275009115,0.481154681065059,"1"
3.01047661198726,-0.221989692027486,-0.358575080623081,"1"
3.08377323259474,-0.304306050826205,0.0722141875969389,"1"
3.35155534272053,-0.672299511877676,1.15026199100284,"1"
3.04544787015398,-0.896319954613282,0.359364626714246,"1"
2.19174540555957,-0.563746330414472,-0.018316574701,"1"
3.68506418181417,0.37204975755363,-0.375961577050139,"1"
3.7471810479678,0.545500446502829,0.338735439698477,"1"
3.80060736374693,-0.932582839958572,-0.164803296555101,"1"
3.23885552437661,0.372483084818926,-1.44230463814969,"1"
2.6315207539998,-0.270853045554921,0.293122195843445,"1"
3.27010855649858,0.147374869571647,-0.93815516220911,"1"
3.19247087402099,-0.0681604673720171,0.268265749399446,"1"
3.09316112808061,-0.604373274621618,-0.310575698000895,"1"
3.6965835920809,-0.199060285145888,0.485005686544137,"1"
2.45615941242756,-0.0796769018558061,0.120028255678549,"1"
3.10956581701549,0.350589045754326,0.337020471652259,"1"
2.72842474160695,1.13862774803905,0.259936040633216,"1"
3.7918982912169,-0.728416953729778,0.061921087712888,"1"
2.84044921769342,-0.380600741834385,-0.429471537994012,"1"
2.89757266516196,0.0527481893510271,0.706296843107465,"1"
2.71605007450823,-0.0303689629834232,-0.0971382707252033,"1"
-0.857481938700728,3.1612444041984,-0.712630033884937,"2"
-0.0742193649267456,4.82332976393222,0.397080504687826,"2"
0.862279886542603,3.13418792926265,0.108226290755419,"2"
0.187316142823977,4.28926226652823,0.664409406554153,"2"
-0.427648782491832,4.66681682795681,0.0099332862629298,"2"
0.815526600774578,3.15989406681326,-0.197355233688013,"2"
-1.37552099341227,3.95756616129953,-0.508022253837095,"2"
0.0899709522839234,3.80289339582231,-0.79554268349508,"2"
-0.462819237050917,4.3626721561578,-0.545793445361277,"2"
1.27480741554553,3.513487857072,0.67013521920396,"2"
-0.166442953691546,3.3522645462683,-0.343740112375391,"2"
-0.837843486127215,3.78089710839007,0.463490468224248,"2"
0.829996503585376,2.98584396909861,0.53444553569148,"2"
0.75050312736897,4.6267189126697,-0.184572397985802,"2"
0.646716680408003,4.26314174879713,-0.652000380860095,"2"
-0.0599118413366973,4.50061948898362,-0.0869607828547696,"2"
0.477693815206732,4.51602044176479,-0.281760717175854,"2"
-0.980412934891873,4.1459000464717,0.175389939134201,"2"
-1.08741606804017,3.43028731747194,-0.312616260497792,"2"
1.0182230485862,3.8453876525551,0.49676917627193,"2"
-0.146594242150977,4.66190378725582,-1.38224045025206,"2"
0.715151776390186,3.31433542542576,0.0482722907076513,"2"
-0.615308257106244,3.74539316564745,0.270544018261442,"2"
0.198874446400492,4.041801037125,0.95841912581401,"2"
-0.465776945028313,3.96602149886602,0.101210365287204,"2"
-0.0464259306718691,4.47135956372086,-0.242845009847778,"2"
0.262810796046895,4.38634672658557,0.676443876813978,"2"
-0.0504343150358258,3.88329163173793,-0.386283252866429,"2"
0.219204850493012,3.64009255426864,0.380267519048965,"2"
-0.274615349668655,3.58412877842299,-1.00737402364998,"2"
0.932920172300593,4.22105400274921,-0.0310418267248254,"2"
0.576422904018222,4.52195967580753,0.0400879564750366,"2"
-0.641000196053586,4.40950357246749,-0.238266765667022,"2"
-0.429340985526365,4.35975782858547,-0.213949217944562,"2"
0.12502601663521,4.5050108475596,-0.742563694754153,"2"
-0.965327968646724,3.86598755251529,0.42590758476963,"2"
-0.320058002094325,3.9549088937789,0.818013064783586,"2"
0.303974196083924,4.63810610319974,0.470406822832973,"2"
-0.444663642198531,4.12468351094475,-0.690556774618596,"2"
-1.01291583266523,3.9186487908898,-0.920312230178335,"2"
1.65686910712602,5.54939674253287,0.0735670965861965,"2"
-0.101094103776023,4.65033700009042,0.447422638202311,"2"
-0.249298204366573,5.00049114845523,0.448439219441281,"2"
-0.590740624437226,4.29157042663983,-0.0723094269762395,"2"
-0.238941612058283,5.87286786765358,-0.257429764839515,"2"
-0.462116024762579,5.05436722675334,0.572024883104159,"2"
-0.452557606917724,5.20494564494876,-0.380649962624385,"2"
-0.183744735504141,4.45484572006229,0.183638635867638,"2"
-0.0304571736879103,3.5375155797921,-0.0871793243412078,"2"
-0.697069009323512,4.96591197776745,0.0449064298426163,"2"
-0.234195649636178,3.96145103411465,0.552707581327776,"2"
0.344790082605116,2.93625125825902,-0.631217072480919,"2"
-0.495445951907501,4.21420926339272,-0.126003131697426,"2"
-0.113375995391076,4.26682822513666,-0.010856268341827,"2"
0.104455473940798,3.24691192813854,-0.167700199096281,"2"
-0.0901640773293567,4.25348649631633,-0.140090666413681,"2"
0.183995095799805,3.8213392861083,1.21824761808637,"2"
-0.247139803294324,5.88781440999105,0.632024152407271,"2"
-0.0263740362419062,4.89278558733839,-1.14332602424804,"2"
-0.119886281178142,3.04137105209335,-0.0292290523865576,"2"
-0.143044459412549,3.81812274933698,-1.19744273884728,"2"
0.664215728189299,4.32159594953346,0.141031157740835,"2"
0.736091069075088,4.89920951494826,-0.834416162493532,"2"
-0.531082971160872,3.4036404523756,-1.00187571014367,"2"
0.207354100590279,4.70026648466038,0.821162264628054,"2"
-0.343192325977878,3.91552478907982,-0.250774676879715,"2"
0.528298847849656,4.18371332704933,0.395463792437474,"2"
-0.0369780317463191,3.68975706363145,-0.535717236604501,"2"
-0.78433490471747,4.96321945400555,0.102933236021495,"2"
-0.574236534768381,4.6595544671372,0.726883217564955,"2"
-0.75088352214988,4.74710832284156,0.0301508401335736,"2"
-0.311428699058496,3.26777725980944,0.0584116599684787,"2"
-0.624866156385262,4.47453393983076,-0.208185081722635,"2"
-0.283405306103174,4.94691368705031,0.628686579889026,"2"
-0.388287328064954,3.71968028365343,-0.130990041206561,"2"
-0.160628924445512,4.8223104597134,-0.47026027439499,"2"
0.352999326053203,3.90185988136109,-0.748351403501935,"2"
0.6808067452872,3.50652791213479,-0.138427370574222,"2"
0.364770380956366,4.04917136985877,-0.416752473714605,"2"
0.269177924189763,4.62580499874484,0.178206110344019,"2"
1.04520034171725,3.35722479629366,0.0588855095714698,"2"
-0.764827797694166,5.49110667414832,-0.039430947011162,"2"
-0.269812606255854,3.40402506051085,0.748306464703626,"2"
0.813555575023488,3.96308204971509,0.250153192647813,"2"
-0.551480601421241,3.43342678558882,0.133233181453564,"2"
0.563978349572703,2.76981672389597,-0.669290656393634,"2"
0.716614453421791,3.81708450277745,-1.01408487119202,"2"
-0.0731356378682985,4.0939312234602,0.44099401507724,"2"
0.602012537727387,4.31476336734262,-0.117528429115337,"2"
0.538650105492565,4.09488115708089,-0.916200412232393,"2"
1.28389346425039,4.65174509700567,0.279919248255477,"2"
0.576502989593398,3.98962166190165,-0.384980343210762,"2"
0.0616813997332536,3.41498755688757,-0.366006453148126,"2"
0.549244582472538,4.48195991070345,0.421756056594926,"2"
-0.411786271906881,3.91590340553456,-0.175722246658133,"2"
-0.247063495146929,3.91602139099704,0.236613305453795,"2"
0.415015184557392,4.34510798032373,-0.376150161426381,"2"
0.102866304401338,3.14715157668024,0.107486989335081,"2"
0.494476953862458,3.81951914865317,-0.203530261500655,"2"
0.124017834730262,5.18678078908299,0.11327900642003,"2"
0.381605029972813,4.01548318684605,-0.644118487897651,"2"
-8.94859484210017e-05,3.27524726023376,-0.193696879704786,"2"
0.0405085391894851,3.99313368741524,-0.939394145009014,"2"
0.490888639996769,2.71493261190636,0.714344082675001,"2"
0.093850046346991,3.56943697741864,1.36391764005534,"2"
0.00844113527407008,4.82756232662824,-0.238942846669689,"2"
-0.0447720918352604,2.32766425092263,0.831572143104627,"2"
0.165080182439338,5.00287135271483,-0.310384062506923,"2"
0.146791048034657,3.40532712034982,-0.0320359007704449,"2"
-0.448135341954265,4.25458938894184,0.262295821089872,"2"
-0.225518424924833,3.22722235758177,-0.751177108169707,"2"
0.561975769228272,4.77322464145586,-0.0229567591464974,"2"
-0.216277507658967,3.75390937000982,-0.981736994938945,"2"
-0.125655723557363,3.54677892636407,0.383117132220766,"2"
-0.126258396115242,4.2452468572989,0.0543718758658619,"2"
-0.58588326741923,3.83999313060416,-0.0163215125915883,"2"
-0.0656230571052146,4.18988671908325,1.36479420441184,"2"
0.0625195291524608,4.03902262870874,0.962714131114039,"2"
-0.218625778931402,3.2357807897726,-0.288237220464692,"2"
0.104693078967229,5.21841106426466,-0.0832162634685552,"2"
0.0775737783342302,4.08790173278203,-0.419754031342956,"2"
0.128920311935433,3.52308687400456,-0.557491247773579,"2"
-0.548595725181385,4.41742495084872,0.0501586486384973,"2"
0.181520620354931,5.05263248258696,-0.223144471230083,"2"
-0.018013076285509,3.71291356471944,0.298071709347105,"2"
1.12775731709251,2.72632849745676,0.67975606220609,"2"
0.346614914636115,3.74399588558411,0.656840988560065,"2"
-0.450240443007308,4.52972183469528,0.0835764774812207,"2"
-0.523141581418663,3.58427082479443,-0.0632825576276492,"2"
0.419656533015752,3.77825413196212,0.633463135551723,"2"
-0.268309887119438,3.28647255192036,-0.280243442408353,"2"
-0.313146067560095,3.97289768526404,0.114839187890242,"2"
-0.271954700651007,4.8138358421568,-0.476231356659689,"2"
0.642471711668258,3.45198098916133,0.3391621755539,"2"
-0.221701293732483,4.06259833264935,-0.0174478685613928,"2"
-0.670622469612606,3.60827107392929,0.0390213800842692,"2"
-0.944969560452434,3.9351698240157,-0.54735197206278,"2"
0.186594287935065,4.79471214716666,0.663567913158204,"2"
-0.242514554455733,5.18931285491121,0.0433514534243438,"2"
-0.47513124141063,3.53306615493544,0.142230921573896,"2"
-0.109813986307954,3.87102689335829,0.844380799529459,"2"
0.204322963344172,3.69285136976584,0.406592793591829,"2"
-0.242916087236317,4.2739553584428,-0.69203923816376,"2"
0.265943840852491,3.23611329168216,-0.177604054074635,"2"
-0.299857123909032,4.81995851072753,0.412279080035869,"2"
-0.0143736728935213,3.58776880751309,-0.0120714993672829,"2"
0.735823419390219,4.41565847216903,0.919089345484664,"2"
0.404468085941378,3.67086147853169,0.251231293645311,"2"
-0.202135860110761,3.92439297078756,-0.162453388295185,"2"
-0.0957426192950429,3.94313112484998,0.140107232359346,"2"
2.89869313953183,4.51003644544161,0.464482945355249,"3"
2.69082182871486,4.23344205970331,0.108041724120991,"3"
3.66090351369831,4.11296237692255,-0.108842989618282,"3"
3.05860560468541,3.84333438832453,-0.37139776007358,"3"
2.47830942798482,4.32906159172004,-0.831788675779619,"3"
3.29445804795658,4.10501563803344,0.307351346866718,"3"
3.23030907396215,5.42821218361162,-0.124713409303762,"3"
3.24464415209603,4.02731218728675,-0.665838093357585,"3"
3.63252765983562,3.96512086263377,0.984136751331505,"3"
2.83353041366711,4.30304709265084,0.47182690602076,"3"
4.15602993227428,4.12576252830518,0.0397954654921223,"3"
2.29102287134746,4.55548993141976,0.148833855193772,"3"
2.37355832688191,2.98167228933256,-0.6652464172278,"3"
3.42083603441881,3.63686711077668,-0.586739701418591,"3"
2.92851313388696,3.31069189327681,-0.0891477177832186,"3"
2.61978510836521,4.74474808381429,0.312121727501304,"3"
2.98155606584284,2.60097562472916,-0.308624543417894,"3"
3.2566815455315,3.4458536060094,0.702406046436295,"3"
2.54331431274477,3.59515305641043,-0.0754845277161374,"3"
2.70958559539548,4.45572474514893,0.850071807945045,"3"
3.93619784341419,4.24034842624722,0.498327382460519,"3"
2.93317399439357,3.84511533589234,0.0761313643924388,"3"
2.34871371334318,2.99826040806364,-0.367003728774509,"3"
3.62174338560588,5.08169329888402,-0.480741995335525,"3"
3.03217015733583,4.83753904099873,0.203452397391676,"3"
2.9602558871156,3.83346202422225,-1.03786538232802,"3"
4.05097383602677,5.25755288485085,0.785870990420142,"3"
3.25312440362555,4.77132631683212,0.592312910637942,"3"
2.92971965891544,3.96909902114427,0.835252898136037,"3"
2.98752496023844,4.27582154871717,-0.0879340697967424,"3"
1.77331981819201,2.69061521837962,-0.1751800826288,"3"
2.70750321380945,4.01418095189881,0.671076140145698,"3"
3.1427872671646,3.28513732661157,-0.591092404632211,"3"
3.27349748720209,3.73220494028652,-0.38005789116599,"3"
3.35306512323752,3.28470522397021,0.865429080613471,"3"
2.14885117552071,2.72465855420514,-0.960714845386092,"3"
3.20997090029622,4.14600649450197,0.291535182127744,"3"
3.44286466379165,3.87698104493123,0.679230997874923,"3"
3.29961510286233,4.21020841090461,0.150283811434568,"3"
2.33083503486931,4.63834170011488,-0.301930960053575,"3"
2.89238255009854,4.5093523258228,0.630766398550663,"3"
2.91399080320067,4.91523499221487,1.28873261252716,"3"
3.25484967118204,3.24716690899098,0.0191153840999393,"3"
3.371708046664,4.72914194098497,0.531222066023606,"3"
2.87788668382056,4.02149050761506,0.151648332439631,"3"
3.31339841484048,3.24244060439441,0.347978918243757,"3"
2.58415053934112,4.63963657544863,0.526179118652636,"3"
2.57769421006292,3.78271333492683,-0.0245202918399603,"3"
2.91538256167023,3.77655133012478,1.31572662801809,"3"
1.94121419250594,4.17830242605032,0.271198461989775,"3"
2.79633618805856,4.3568340503168,-1.01020781878138,"3"
2.40065069842049,2.87819600667452,-0.094607601274859,"3"
1.30663840944144,3.26074571272096,0.0617189087664672,"3"
3.60328847668431,5.17936834293262,-0.0550984714124935,"3"
2.90182694432748,3.62781612461702,0.324169879224575,"3"
2.80522576953121,5.0012544186496,-0.921326529794389,"3"
2.56982119019649,4.21810505222735,0.347668711785782,"3"
2.41701856905113,3.58519629668571,0.600479221041753,"3"
2.4321857380452,4.57205368493483,-0.798574640647475,"3"
2.47279390853117,3.3279435832638,-0.411467475081502,"3"
3.26571099150878,4.28499721549725,-1.22324962792385,"3"
3.40294068816289,3.95474994544215,-0.120658707593734,"3"
2.49150213835894,4.97850502887797,-0.621828839338372,"3"
3.19725950986399,3.22257279950324,0.683552353696191,"3"
3.7440516405079,4.65312527279677,-0.918784867566382,"3"
3.05493108372024,3.44011857797271,0.596270571836805,"3"
3.71836346624098,3.10965414611447,1.27635886725504,"3"
2.79370525139235,4.48416613658619,-0.178280957058897,"3"
2.29097310883275,3.51770914840071,-0.534313008440708,"3"
3.0364703447626,3.95620849248556,-0.54900710842882,"3"
2.50519734577292,3.02285333029327,-0.086724156231039,"3"
2.17161328557061,3.12069164640688,-0.41812781026178,"3"
1.6470406466911,4.84682626153366,-0.00836559202194885,"3"
2.34595480241328,3.34401312465185,-0.450908479893286,"3"
2.06061029095614,3.9068847167967,0.739726755030651,"3"
3.90320035345697,4.71002471311393,0.346676942342266,"3"
3.1254592629295,3.2511372794033,-0.258781410746544,"3"
2.27421184168515,3.75890968474816,0.631093004821143,"3"
2.24986141904859,3.51600714743332,0.940296813963922,"3"
1.52913400443086,4.24056953178609,-0.697861913984328,"3"
3.23702355709341,4.7394850407047,-0.124276166836561,"3"
3.8432598318279,4.5880587097174,0.703313663994975,"3"
2.39570469878877,2.29966275245008,-0.206532953895713,"3"
3.41516755491216,4.62433354193869,1.08806701245932,"3"
2.86168275139502,4.39920887741384,0.57613539332547,"3"
4.29224381533241,3.97703569427836,-0.188990083634921,"3"
3.07902136112999,3.49855126886248,0.152635628709193,"3"
3.09176744188377,3.53188945835948,0.717011871191225,"3"
2.99020372276709,3.60555262185721,1.54698544115926,"3"
3.30142211018009,4.91929910014969,-1.48900557169453,"3"
3.21213362010688,2.98326094836998,-0.0972331122518572,"3"
3.82804005391326,5.30981727359264,-0.545070771845183,"3"
3.18793477667647,4.52038622334818,0.322233757595518,"3"
2.59294069550424,3.41934544622499,-0.0521810261457594,"3"
3.61852938931641,3.39979349346209,0.626234963309939,"3"
3.71061321506692,4.20380374995066,-0.284964182872518,"3"
2.69338680847611,4.50104479722454,0.312803820571683,"3"
2.54329817075248,5.23505768270088,-0.0133074737732295,"3"
2.73625135493111,3.03188103783389,-0.0263669896274831,"3"
2.25774127382521,4.47920541955518,0.799575988535378,"3"
2.55249222644283,3.80961191194818,-0.517311405460748,"3"
3.10967508707244,4.30018430417775,0.653809081542444,"3"
2.92661993161303,4.25216337686843,0.0191812956010064,"3"
3.5054450302564,3.65183914751535,0.104044936625138,"3"
2.83741348522268,4.76703673873598,0.382927012950383,"3"
2.90702499638043,4.53224130556129,-0.407422065713595,"3"
3.04694041478514,3.3560435216834,-0.0856192166129461,"3"
3.40855800410496,5.68401556226826,0.772194371378639,"3"
2.73555689787422,3.94056026001821,-0.480336642780191,"3"
2.53484748586732,3.62237869461511,-0.0116431679344067,"3"
3.20938944526681,4.95570233949278,1.13505864964194,"3"
3.2990403980155,3.29201068557234,-1.61969886351495,"3"
4.11294747753373,3.7862012595274,0.57159218815489,"3"
3.42183609717737,3.43978424750621,-0.786705973075489,"3"
3.65792290518027,2.94589565514148,-0.139911652805293,"3"
3.66043165518475,3.53428467836605,0.137070519059356,"3"
2.42864926809431,4.25001009437768,-0.437443738510078,"3"
2.59046433077568,5.03797866652536,-0.69169727587916,"3"
3.33766359163176,3.52818315105139,0.679202831755375,"3"
3.61072734208861,4.66364846640779,-0.19057388100689,"3"
2.28298602528798,4.61298879762168,-0.391393394173802,"3"
2.37182824793444,3.56247673095966,-1.13647514472541,"3"
2.59885734259599,4.77334131077312,-0.107982112623026,"3"
2.39834091480942,3.72289642433163,-0.430948024288493,"3"
2.6438298390069,3.7979834073739,0.663547443191896,"3"
2.82739609343054,3.48032122004804,0.377051913408652,"3"
2.88768865380681,4.6083077520132,0.38646944682588,"3"
3.81396356080741,3.91532695788083,-0.238972295682142,"3"
2.73565447569898,4.27380302706063,-0.357378039640817,"3"
3.74669166140614,3.31715183533495,0.517648590801181,"3"
2.9702188097734,3.23136419805623,-0.591389438311706,"3"
3.02909310026415,4.1833288121112,-0.0284836620203747,"3"
2.56332387648143,3.79518654256484,-0.0191403971032828,"3"
3.57430792050622,4.67954499461258,0.556259309002919,"3"
2.29326948997427,3.88121832249368,-0.812853315160072,"3"
2.39011364599203,3.82718009651774,0.0364227623654036,"3"
2.84841627371801,3.97923967407085,0.414725962650977,"3"
3.06737962028384,3.96272213551837,-0.280233721615882,"3"
2.60750677224931,3.68693129741454,-0.631330990231259,"3"
3.42273246599699,2.73824898051535,0.567186848374967,"3"
3.16921823052431,3.8346984497838,-0.414009378506382,"3"
4.22991387774747,3.40546814172813,0.312006936925602,"3"
3.65296531434799,4.50076271550418,0.760871656406004,"3"
2.68528525395921,4.37550179228958,0.801157108410594,"3"
1.92045057923673,2.84146736070768,0.567108788552937,"3"
2.54452094732142,3.57533940943633,0.0494691454128379,"3"
3.31784468933945,3.20172705190293,0.129276346588421,"3"
1.99170825930071,4.52015378828542,0.0882405479358958,"3"
3.17158032997691,4.1994509766036,-0.597688468812402,"3"
3.42621571544366,3.68206667253685,-0.567899020702298,"3"
-0.215764363825858,-0.388782267946054,1.75074201892555,"4"
-0.180678834532243,-0.362617172411495,1.63496626440349,"4"
1.46086387707149,-0.417534150380078,2.08871935249821,"4"
0.23904152625308,0.777911700984805,2.3744863960779,"4"
0.402799579018872,-0.625995470873657,2.74678532103518,"4"
-0.161526391432935,-0.295194993326176,2.53113729151318,"4"
0.133064146608012,-0.150657685761299,1.76049783003897,"4"
0.208976782451886,-0.342924804351972,2.50572013578857,"4"
0.0866316014026007,-0.800439550597788,1.34772735517581,"4"
-0.0157345659830665,0.524123070386854,2.21775996674208,"4"
0.185315418487571,-0.65605426626397,3.18234451765826,"4"
0.384929631611981,0.0110213330547517,2.49108933875091,"4"
-0.273588254189979,0.372499735475689,2.06410511144106,"4"
0.0991072936322824,-0.0958948799457912,2.15651461517783,"4"
-0.474291564705141,0.358906109686372,2.68354186373281,"4"
-0.19339628872353,-0.835313321872405,2.35156905769007,"4"
-0.00381472336279893,-0.445195641294015,2.0944831117694,"4"
-0.0591152740652218,-0.0226297480552459,1.47653917137722,"4"
0.389942573152104,-0.49969794488347,1.49559103831204,"4"
0.731848161496447,0.766142389930027,2.60200831414127,"4"
-0.454230474112669,-0.807385451420986,2.23441135735617,"4"
-0.970676996244679,1.17545252634788,2.50392413545824,"4"
-0.5566865783018,0.298843604736303,1.38628423436108,"4"
-0.326238470890218,0.221716701292952,2.44306736607315,"4"
0.491191356374319,0.343258678678213,1.67683324548927,"4"
-0.0575098348035011,-0.64854006286301,1.84708614677664,"4"
-0.162364326518557,0.100567078442945,1.90230137590089,"4"
0.152156518967502,0.321293156481555,2.18307720926823,"4"
-0.227285387776261,-0.271668246910321,2.54049015008922,"4"
0.034480944095717,0.439918324531572,1.06065486044041,"4"
-0.391306877259431,-1.36280792018169,1.91295888722747,"4"
0.427375157452049,-0.216461457983661,1.12392060555205,"4"
0.105827030800377,0.0537655365623508,2.53800572323309,"4"
0.537703991937443,-0.0518650646246067,1.99180787763907,"4"
-0.205453114473021,0.73922128765753,0.642087062963949,"4"
-0.962806584327053,-0.493703141838293,1.68052657317495,"4"
-0.250666160534686,-0.962955665995637,2.10810175571632,"4"
0.815180707595947,-0.428759917806836,1.61051311668274,"4"
-0.315300041290277,-0.899357473328889,2.10940930841583,"4"
1.38132150993202,0.9384165805427,2.89091929572851,"4"
0.0507230175872875,-0.881276174097443,1.77991908862148,"4"
-0.213392472885546,0.711478884985012,2.4558957285422,"4"
-0.635556980184784,0.427755372179215,0.437689018655881,"4"
0.0504997337798391,0.0735135633860471,2.76755987863865,"4"
0.250793700904754,0.793415358921295,1.51047586289437,"4"
0.21509013760163,0.0513605062535027,1.76285739722338,"4"
0.334373781930859,-0.13366825677714,2.37273697660287,"4"
-0.206964083184112,0.521807939876854,2.377067131453,"4"
0.733917549263836,1.00397265791174,1.56184993662969,"4"
0.698413256974367,0.597254895902901,2.2913094807525,"4"
-0.01365471777485,-0.175386053801645,2.69199584724678,"4"
0.0949921512645589,-0.279846618428826,1.92831805896119,"4"
-0.149915079559898,-0.347738398957344,1.19660866076516,"4"
0.453360094161526,-0.541523739880276,1.84642097941726,"4"
0.158800210099127,-0.134029466957267,2.04100234888767,"4"
0.599107464728583,-0.943070907760391,1.52296311792567,"4"
0.208156782467979,-0.590623622580619,1.70766044128676,"4"
0.251853490730687,1.365865122692,1.75677651579546,"4"
-0.27232178432743,-0.770045979397326,2.01015223205998,"4"
0.201917752272951,-0.671490687601292,1.64440180271746,"4"
-0.320697113417936,-1.01464997667223,1.90547218273113,"4"
-0.292783530837982,-0.00736353587939019,2.46121264719917,"4"
-1.41175528626875,-0.35251449701566,1.030524986254,"4"
0.398076148419812,-1.74051040343287,2.45777994649079,"4"
0.254347600796718,0.313474287975982,2.66124728177645,"4"
-0.256943605228055,0.564400191003109,1.47009210976451,"4"
0.160050193047844,-0.225602869068139,1.47098833083241,"4"
-0.936171980988001,1.40930359458242,2.69636433094498,"4"
0.607632148163752,-0.0799381143520901,1.59337953197756,"4"
0.900440879950712,0.391805930309995,1.84284774143943,"4"
-0.223018673351733,0.516031700288392,1.89849684925644,"4"
0.164745011256048,0.114599400560527,2.12665432940441,"4"
-0.619045990713671,-0.443589118163584,2.49689390093594,"4"
-0.997959874356739,-0.878141261490882,2.25638654316788,"4"
0.330378083513373,-0.323152797837079,2.03481292421815,"4"
-1.23955308170382,0.247959875949191,2.33735081306767,"4"
0.132695708325558,-0.0436710603601533,2.34902698188878,"4"
-0.271163260564556,-0.90801955375553,1.53156717457749,"4"
-0.309392197962634,-0.838387640266367,2.43547434022267,"4"
0.211092176740991,-0.0609191702715568,1.1705977424718,"4"
0.24622527486016,0.781441988802256,2.88354442575838,"4"
-0.149708135192413,0.793134853918074,1.51101131340097,"4"
-0.246530661283316,-0.183248679478293,1.05728491277342,"4"
0.574243850075794,-0.518198416462567,1.60912077011831,"4"
0.437849363394258,-0.86883864166629,2.08058551364084,"4"
0.56574161775339,-0.368270991900837,1.82069993679392,"4"
-0.893270900083592,-0.82600267365948,1.85462180104797,"4"
0.777527775099352,-0.0796076147798361,2.75482197311376,"4"
-0.575104393017058,0.2107393771539,1.9349171862133,"4"
0.102940000304871,-0.396323818595978,1.26840061514249,"4"
-0.178083478296311,0.676535222500214,1.16125033243197,"4"
-0.240790228178762,0.715032763808893,2.12445653232651,"4"
0.0393911532940807,0.262853539292414,1.78143512423219,"4"
-0.493304572322797,0.0822466733468539,2.04445390476778,"4"
-0.315454011012381,0.986072167929886,1.58344972202771,"4"
1.03500107338923,0.171332101635868,2.18824388645985,"4"
-0.101661897120905,-0.836564077660168,1.11889894934043,"4"
0.388884989494892,-0.550012830277005,1.16104841923249,"4"
0.609178929261124,0.14880223510333,1.8858790525297,"4"
0.359480818757345,-0.113141507746867,2.46318904380243,"4"
0.759828379323304,0.033879931162781,2.20096006736733,"4"
0.734746732838696,-0.0634367596410767,1.96415119144816,"4"
0.752650292244449,0.114384966014656,1.02284125276938,"4"
0.505637420224485,-0.213392882248403,2.39724250031865,"4"
-0.384141282967672,0.5238165341529,1.79732673289093,"4"
-0.053490343488012,0.564272717616965,1.58191493791777,"4"
0.544899012873601,-0.731926517416699,2.6153993065818,"4"
-0.418638796362794,0.0184728031640399,1.21594937087992,"4"
0.332228260767578,-0.295843217758557,1.81386734235382,"4"
-0.470114611793294,0.465790772524278,2.22528337249204,"4"
0.309159088846834,-0.326710934051479,1.96404187544001,"4"
-0.0338183625554226,0.739047965683436,1.93345348268175,"4"
0.296131973892829,0.475486109094709,1.8264761368233,"4"
0.229402856021322,0.7513652513239,2.5034343739837,"4"
0.0794695394139087,-0.470396391247566,2.08560784764879,"4"
-0.259891625536518,-0.425741671683251,1.79400437637389,"4"
0.314983765380465,-0.0666119099368915,1.32721854566894,"4"
0.130029000451567,0.615601569252143,1.4217751933762,"4"
0.512076886377669,-0.565872774987846,2.98727684272784,"4"
-0.794134682657824,1.11512884744288,1.38422647467795,"4"
0.281071097503316,-0.672649324392345,2.12484547307102,"4"
0.257311358598086,-1.59939443441566,2.54724403790327,"4"
0.1334541983116,-0.158645347335788,1.83902316607594,"4"
0.38208732085232,-0.0264936781895381,1.99115773909793,"4"
-0.770040670639842,-0.497308650777659,2.1597409244549,"4"
0.221908866850695,0.224593147252523,1.79509761868752,"4"
-0.372018338098278,-0.533203319016362,1.51509463334555,"4"
-0.50446496065568,-0.3702565704237,2.1429480042543,"4"
-0.188881268037925,0.222232028260773,2.00460318046848,"4"
-0.0723199863041609,0.725273499242923,3.01897446109431,"4"
-0.761080480029092,0.753619620499149,2.53852709360006,"4"
0.0478089562318933,-0.0585892450049188,2.21622319513288,"4"
-0.166141829409779,-1.54050869848725,2.77596442611651,"4"
-0.327675455355373,-0.773604171461651,2.85568341727375,"4"
-0.342365990829956,0.912434893835504,1.69661115228179,"4"
-0.233392909089511,1.06271677967621,1.97807863686496,"4"
-0.314601344608135,0.475433252455178,1.39644166451043,"4"
-0.303129795259611,0.371042895592231,1.48006560885072,"4"
0.451809310326945,-0.845809439550033,2.07821836694955,"4"
-0.911830744186536,-0.373107736942079,1.03647968532846,"4"
-0.508649518573586,1.22887069158376,2.17676125090822,"4"
0.229858886778072,0.333631133542989,3.08223564906871,"4"
-0.492542336256987,-1.07842557584645,2.03490060968477,"4"
1.44066207974709,0.289733920821702,1.98197536834018,"4"
-0.652194292592235,-0.198907957529383,1.6494314776981,"4"
0.162051560251801,-1.06652452544123,2.34984199161824,"4"
-0.585263355452945,1.03337749300848,1.83054577724511,"4"
-0.291133309664921,0.00615055211836812,2.01674299349332,"4"
-0.725194076308668,0.160332329818629,1.92066199822322,"4"
-0.00396009208489316,1.06014207853717,1.03544678968028,"4"
3.07399655155223,0.969676663676687,2.41742310212402,"5"
3.45147688314929,-0.673466843206852,1.42782581554181,"5"
3.79207912313015,-0.0478278305110559,1.75405082448004,"5"
2.2422945933816,1.07579614469261,2.79847782237628,"5"
3.08558974663524,1.09282147533288,1.44771273803068,"5"
3.57141966949397,0.76222743533386,2.24225429729111,"5"
3.13320559439885,0.832590467032329,2.38321142800305,"5"
2.12023126137471,1.11629199300024,1.60916325337007,"5"
2.17196715975755,0.492705992822925,1.50693727943663,"5"
3.05607045377648,0.871856938459862,1.78710097116972,"5"
2.31699350100449,-0.600637686495979,2.26695362883528,"5"
3.87078806066353,0.657583666416461,3.17511529203643,"5"
3.83454548664135,0.867507714674172,1.76992237950423,"5"
3.77975137057612,-0.130428113498544,2.18479393982507,"5"
3.59055999437291,-0.897291585138178,2.04483329610667,"5"
2.87767536814362,0.359861762953608,2.57938735797512,"5"
2.57637132632166,0.282818992774599,1.37904689776797,"5"
3.26652942917877,0.71666891266495,2.57031318772991,"5"
2.96126233121086,0.824972455659152,2.47053230344256,"5"
2.06164313959083,-1.02652062422311,1.73931863410606,"5"
2.8437842305716,-0.267628811889481,1.91529473817678,"5"
2.56123716411034,-0.474472913295768,1.85541690118785,"5"
3.44531705377508,0.0983583172009157,2.00118271933601,"5"
2.89135867207195,-0.00756035251287651,1.73897522118313,"5"
3.46504947165089,-0.693554816594317,2.26245083834533,"5"
3.17388902350739,-0.34014558338641,2.15186073272439,"5"
3.0595184826104,-0.221720952501662,2.2716340651533,"5"
2.87431085152476,-0.422232801339578,3.03376344061706,"5"
2.76076300618838,-0.77839702375188,1.68616722065221,"5"
2.90365349252765,0.623411632922677,1.95718262947997,"5"
3.3465760991606,-0.118082101767692,2.1400612869295,"5"
2.88069735797349,0.485104743148904,3.27343722061005,"5"
3.31855545644284,0.224233884964795,1.6914709745235,"5"
2.78158619295117,-0.771801965434187,2.52632695791232,"5"
3.3258177437538,0.143164065728855,1.68767414662187,"5"
3.96994618101933,-0.0502950469327448,2.48056720784166,"5"
2.71924295675177,0.159074823557034,2.72816150428145,"5"
2.51552984247821,-0.162422805904083,2.06814639212573,"5"
3.43955837682185,0.110580810359967,2.4062230137336,"5"
2.85075173408358,-0.654614141798491,1.64400276647171,"5"
1.039537088374,0.284677884888049,1.46964199472462,"5"
2.9320793583687,-0.646492292822851,3.07613498037372,"5"
3.43614599504309,0.270344569855906,2.56073711671427,"5"
3.10764158990198,-0.193667132021012,2.62763902068515,"5"
3.13662094567859,-0.256125993078716,2.29363348331233,"5"
2.68932679078327,-0.171258590516878,1.52352010269228,"5"
2.8725313668044,0.225317407593112,2.10004554393063,"5"
2.94075477862725,0.384946304739455,1.08138463238619,"5"
3.26142557333651,0.239389369062972,2.3530859731631,"5"
2.75838873855753,-0.422357195298504,2.57087333483418,"5"
3.75232229455861,0.199133567559218,0.819066075489795,"5"
2.77497450726087,0.53671839816149,1.12389983364447,"5"
2.74959321566502,-1.09878505929748,1.92771767170437,"5"
3.43535100418667,-1.17954935002186,2.59354786696118,"5"
3.10137708126183,-0.734778810092737,1.44236072819688,"5"
3.47371165668062,0.0465473879262434,1.31838249769921,"5"
2.00289691317902,-0.562493841568121,1.83424900728751,"5"
3.23809194457259,-0.332183433022991,3.18327088024402,"5"
4.00864807941482,-1.14160142641977,2.27919815507708,"5"
2.53854010060111,0.293428878411678,2.07928796679362,"5"
2.03846718574935,0.56278587329838,1.83030868502705,"5"
1.57505593344947,0.646017205513209,2.38291400860057,"5"
3.88724284172507,-0.112956482413608,1.80705007711364,"5"
4.65198834566437,0.435897288468856,2.43191710541223,"5"
2.32981012750439,-0.95085872200242,1.53420097176514,"5"
3.49578966070964,-0.645337446814999,2.75059009693282,"5"
2.18687989424954,0.787237496448593,1.81588120991751,"5"
2.49481730685597,0.363442071323657,2.6801818862594,"5"
1.93039277470594,-0.625586578142088,1.3193643759209,"5"
3.5703224032882,0.540810854421643,2.0473175860966,"5"
2.42109501982238,0.111111461761784,2.36570757401036,"5"
3.17953539283991,-0.460889091707204,1.09426745151969,"5"
3.17252981869061,0.0805738094478947,2.93898687207665,"5"
3.35175759241191,-0.824755948610438,1.36020807285081,"5"
3.0215987883785,0.533014125113369,2.09149271144608,"5"
2.77837739807288,0.407074436733794,2.11412613256181,"5"
3.62224900282789,-0.45295115715576,2.10531066638533,"5"
3.52729872282268,-0.0552572546440565,2.25107711417133,"5"
2.38971968341652,0.319337815244163,2.78249568353126,"5"
3.48507675521152,-1.16849450415025,1.68572823688555,"5"
2.25974067737745,0.107797797472637,1.52422469354646,"5"
2.88485810578663,-1.04330653047961,1.60513830442328,"5"
2.45907891523861,0.538821623624525,2.38913856605191,"5"
2.85097821857339,-0.777185789577364,1.41936083437713,"5"
2.28421816908487,-0.149407265993407,1.51943151514769,"5"
4.54700432793093,0.651564820073648,2.2180481231782,"5"
2.9922589014607,-0.142722448608192,1.19483300396778,"5"
3.33629929007535,0.164894026766654,2.54748128680885,"5"
2.71132044861782,0.661667271720529,2.38449764857802,"5"
3.14681438823092,0.113200302361178,1.01512749197993,"5"
3.33889857795642,-0.334756502978489,1.03678352196999,"5"
2.83910565669069,0.0896707390411391,1.85081202786678,"5"
2.09785969274901,-0.117359611920683,1.94488984081799,"5"
1.78983977509776,-0.493032281866389,0.919895379996207,"5"
2.54162109775396,0.0483499900852476,1.34347668022834,"5"
3.03075892572434,-0.252693191662335,1.88209427246795,"5"
2.87787403938276,3.58010644902838e-05,1.82918201414578,"5"
2.23186241207635,-0.13887492696002,2.03845612717915,"5"
2.98651424711205,-0.345251254505062,1.21780719564705,"5"
2.30421257985319,0.810789263344246,1.96309660730848,"5"
3.41050251680971,-0.429719329198564,2.57789851734362,"5"
2.47228424375996,0.46514686537742,2.35168054756503,"5"
3.05957224615829,0.46789713938859,2.02218987803239,"5"
2.80459911887477,-0.380618947562875,2.00041749949158,"5"
2.96141969827142,0.181292742716213,2.16101380059645,"5"
3.50050279836007,-0.465424825266262,2.66684265059198,"5"
3.24779860888205,0.767499902066205,2.91359795732339,"5"
2.50041390549351,-0.144371192892315,1.46635372883857,"5"
3.51560000703028,0.313317515901582,3.35099599346751,"5"
3.93206720468176,-1.44049154684312,2.49254027838637,"5"
3.05335631982527,0.118297674107909,1.43449111743896,"5"
3.11410067782673,-0.829314137045003,2.16215753222473,"5"
2.88599074379174,-0.144751896782001,2.18906317263795,"5"
2.69989746546436,0.832082763790096,1.59909328568797,"5"
2.30122466098855,0.262315975435615,1.51551243137902,"5"
3.84526433895153,0.107917729090769,1.80775471721936,"5"
2.61389610815092,-0.191568664440341,1.76649666012049,"5"
3.06937614372236,0.786138318258321,1.91944862133553,"5"
2.35103404216517,-0.699371011724657,2.23419981451402,"5"
1.35696177794825,0.203080325239571,1.01116010332901,"5"
2.84629851141061,0.193787948334636,2.55196176951847,"5"
3.59277928263621,0.92525934159618,2.16400782306067,"5"
2.88313957675063,-0.33469300637864,2.36120368267679,"5"
2.6921034565437,-0.43074648743374,2.46336830346279,"5"
3.37826623393046,-1.30701699533579,1.4331690937547,"5"
3.18293801662073,-0.403272185042631,2.24639648017286,"5"
3.66721772401358,1.2994316390362,3.12223920533043,"5"
2.08571717160461,-0.64543026599172,2.09859722518511,"5"
3.46052834513644,0.345584642643321,1.91992125876835,"5"
3.15947481322182,0.356258692569403,1.71166083746785,"5"
2.7940586659594,-0.372529192364355,2.02731739063861,"5"
3.51660198662739,-0.595468425212892,2.44141447727946,"5"
4.38244058323528,-0.638391263353204,2.40990961340339,"5"
2.93550245470143,-0.0808494114423365,1.49846260437292,"5"
4.01011052261326,0.0865378460120723,2.67101055153129,"5"
2.88883448780393,-0.709611914975601,2.59783285145027,"5"
2.10696179665924,-1.5659644376449,1.79498224222518,"5"
3.72994748589878,-0.288634204093281,2.97026732312288,"5"
3.29363801377976,-0.759964778044477,1.83351071855742,"5"
2.54114895129539,0.0494308816287663,2.00445376310026,"5"
2.87129732702962,0.889993910933774,2.44809102400956,"5"
2.92488662852954,-0.385411627467036,0.840661603667087,"5"
2.97819554857756,-0.11154102150292,2.16605079080657,"5"
1.7750192395582,0.936805337335136,1.87043021886679,"5"
2.76757021514961,-0.104834491136575,2.28170048538785,"5"
3.3865197928552,-0.57656709581524,2.71653783260464,"5"
3.7025205857523,0.861478809852691,2.06000121630028,"5"
3.38876252428802,-0.64424215542225,2.15031641608265,"5"
2.05262093737793,-0.439072486734679,1.95824451015577,"5"
2.97985454534013,0.435043865102749,1.8745344405343,"5"
-0.263480827739563,4.44112247838054,1.92680897039231,"6"
-0.49837630919518,3.18101503623465,2.2266823313929,"6"
-0.124150392491497,4.64576553897375,1.14310796435547,"6"
-0.440774036557743,3.19667066179061,2.05771751995022,"6"
-0.577643007327728,4.59762840599813,1.3651895112789,"6"
-1.56282551266308,2.71353536488066,2.36868270418335,"6"
0.241833502262225,4.05401507961389,1.22986118618851,"6"
-0.0573887734322861,3.75530284191692,2.26474842638484,"6"
-0.47354016256735,3.22128198646263,2.2744251778751,"6"
-0.0370406838983973,3.97664063654878,3.2122719250997,"6"
-0.606107743369971,4.258678527282,2.39477917620285,"6"
-1.85076593629352,5.00351945730208,1.14862283132703,"6"
0.770808861377106,4.01484912929315,1.1863219576195,"6"
-0.213932266406482,4.47077439069509,2.05561003208032,"6"
0.663426051382373,3.76108912548097,1.92966548106611,"6"
-0.408040362071376,4.09255237031006,0.747706867238503,"6"
0.285369056097812,3.70839724840402,0.524005392162565,"6"
-0.624269152742829,3.90527073408198,1.34553703162017,"6"
-0.467592621550088,3.09433015645208,1.53304207073146,"6"
0.327093075498844,4.06622771599537,2.40179996043208,"6"
-0.0340970420675508,2.18802733587462,2.39825480176951,"6"
0.208840461825953,5.04277144253536,2.98838153841547,"6"
1.38820960720603,4.34565382958721,2.00617075297913,"6"
-0.108128645921225,4.36538150860514,1.66535290806095,"6"
-0.0784388445483408,4.35184678938702,2.48423783445088,"6"
-1.06607869643887,3.46884783168332,2.346604021327,"6"
-0.863588063591364,4.3943972179224,1.30365569501396,"6"
0.0761738009400728,3.59647664060586,2.30999478951547,"6"
0.527794935493072,3.04371235456195,1.2494848861245,"6"
0.0344335989457809,2.87769457745791,1.3940499143472,"6"
0.370942994725639,4.1371714395683,1.58369229607691,"6"
0.965725003862853,5.24254586298949,3.2909100567919,"6"
-0.163832182757913,3.55718275627891,1.9777799971825,"6"
0.63256328244977,4.64463027051239,2.12955828755503,"6"
-0.172871772406167,4.55216445513196,2.06747644503441,"6"
0.143055545648932,2.85014007427662,0.884495969737397,"6"
-0.0734547032403534,3.50898817021914,2.69614683175289,"6"
-0.17118256482908,4.81381763039162,1.90241677926289,"6"
-0.243073608019934,2.57622660200908,1.33458205373606,"6"
-0.736072573286387,3.94866065221598,2.38858258977286,"6"
0.185946458442812,2.99698094140956,1.65405858730247,"6"
-0.255455667402526,5.18878632946481,2.21538065092382,"6"
-0.342566563717222,4.31287932352863,3.39543858472291,"6"
-0.0054331632370928,3.47366406155711,2.13413809383439,"6"
0.421301976861921,5.25334741761562,3.18936760967596,"6"
0.405594503681281,4.27124081373328,1.53048353637731,"6"
0.612171126407577,3.89736991929144,2.24663616615553,"6"
-0.441519221887162,4.71922557052189,2.30706815841884,"6"
0.131259058094145,3.36248134254251,2.31602458651804,"6"
1.27710090260332,3.53191935292254,2.94687023366661,"6"
-0.834120617295878,5.59932737477169,1.17843143870885,"6"
0.623998167156359,4.46735869092249,1.64759430515247,"6"
0.0671665592936709,3.94892832292821,2.51404256433278,"6"
-0.683153756914373,2.74562611019624,2.14384728765092,"6"
-0.461412610494695,4.28217283522395,2.20053067099872,"6"
0.215282563497537,3.75964503753372,2.18789407608363,"6"
-0.140508282820826,3.5374415285294,1.9446649663,"6"
0.465010270238817,4.90279571278436,2.40716494231328,"6"
-0.620819587253845,4.1949768654905,2.48203383201142,"6"
0.639686308834283,4.42609023822966,3.43126008972221,"6"
0.0810531491279509,4.64896513132697,2.327529597872,"6"
-0.142819418276784,6.07815135755701,1.59936910996857,"6"
0.121983983498378,3.25181792393125,1.69378104584688,"6"
-0.376684365906201,4.65627823841752,2.40282711813257,"6"
0.382562253281557,4.1973030702374,1.82593152986759,"6"
-0.765074183163541,3.2180522952595,1.1750422530765,"6"
0.915948024274141,4.67594972596528,2.23905697217437,"6"
0.183670687598692,3.72743087441161,1.81474483350672,"6"
-0.0277925652209811,3.76542851258202,2.66459176041669,"6"
0.325189726596263,3.73191395612652,1.47328124127793,"6"
1.06366309493303,4.48956778364682,2.61585592217419,"6"
0.458477976351336,3.68199251853285,2.09799901242836,"6"
0.247693709452807,3.79737162687318,2.87538403858985,"6"
-0.0735756835085802,3.45150091790688,1.74638230282158,"6"
-0.318513851211686,4.79638564414782,2.38229493455967,"6"
-0.0176460496634395,4.75001050072134,1.50090987578003,"6"
-0.507722383097132,4.6012735434025,2.4100284732412,"6"
-0.410355430823335,4.19600282800665,2.06738917912435,"6"
-0.0942904912986906,4.94766131573046,2.29906492508825,"6"
-0.457269054464801,3.78733600595704,1.3416829392103,"6"
-0.150533776461823,3.93393450634932,1.80867089827681,"6"
-1.98604818083541,2.77186943349827,1.57344585344293,"6"
-0.854533469507233,4.42480054716686,1.67976310082159,"6"
-1.32480714232353,4.28890311562991,1.79514987025506,"6"
0.129931707229767,3.10802005991357,2.46168639279695,"6"
-0.452075197262731,3.73220923029153,0.955918534910296,"6"
-0.183447715903981,4.28192064201792,2.22155337135652,"6"
0.787078387054434,4.81174316854104,1.83174956498453,"6"
-0.746064884731555,4.39834953157582,1.95353176803923,"6"
-1.58630519136071,4.39237246285115,0.813694382694105,"6"
-0.0161906978074336,3.75209727484341,2.19334801034031,"6"
-0.358669171006288,5.47373354276718,2.43365099646478,"6"
0.699236494054081,2.87161577138727,2.12629062463896,"6"
1.2936083506652,4.29346767624896,1.77208745195028,"6"
-1.25378070377608,4.34949715695262,1.60949519254831,"6"
-0.33352113266198,3.77562222822179,1.53803753026135,"6"
-0.58509108589851,4.19371528476485,1.80565951722092,"6"
0.247663693088392,4.70813472704242,1.98591222252063,"6"
0.395363819988257,4.07386604057198,1.87098553071159,"6"
0.329355785358592,4.45580524533173,1.48307677010346,"6"
0.759643448524939,4.18772110684011,1.91400712728006,"6"
-0.121938929799405,4.5956316548772,2.23268310660962,"6"
-0.400875979132575,4.2782052648604,2.01271751553722,"6"
0.548706563248754,4.44865699987039,2.31688009836147,"6"
-0.0844397843060703,4.43125202717446,2.62337169600689,"6"
-0.100664166904099,3.76001363740916,1.65762639143626,"6"
-0.214724944346154,3.35527019023179,1.27437723845628,"6"
0.640134888043582,3.31225549162222,1.28319785216841,"6"
-0.010017515683271,4.4568525937998,1.84211009435767,"6"
1.17232125893686,3.94811181126997,3.62173725962495,"6"
-0.128476110462235,4.81978857624181,1.65011360641944,"6"
0.139026443885957,3.8594858383567,1.41373518802336,"6"
-0.458515990214169,4.14586664874698,2.44133935379552,"6"
-0.973607785398728,4.17362274640739,2.61074779017799,"6"
-0.323670679061567,3.39807258837668,1.78139709358711,"6"
-0.0555157467854846,4.78172146936507,2.19002463516225,"6"
-0.309338954157913,3.44610434410958,2.16725181675021,"6"
0.733039356296758,3.01896019093181,3.06557334898818,"6"
-0.306268272695175,3.80511831564583,1.80665849713806,"6"
0.020847147696025,4.63754081710544,3.33870423625073,"6"
-0.395012713610212,4.00879512382414,2.04618561444221,"6"
0.338116707637756,4.24943628920014,2.2609818094976,"6"
0.3798486059503,2.99909328481613,0.998660705556017,"6"
1.33594761690829,3.6763218496358,1.84067242079927,"6"
0.017502994297382,3.70426027024262,2.05969965769381,"6"
0.017910406461172,5.07639942436098,1.8726859154428,"6"
0.320143487412304,4.71321424400781,0.906171831975687,"6"
0.183097467924677,3.36602240506329,1.9625490063835,"6"
0.170900037057723,4.61744370835427,2.3176191753526,"6"
-0.415565287588178,3.51196003045965,1.18900762954436,"6"
0.26853420405113,4.57286760036943,2.16243209737945,"6"
-0.0884911139998928,2.52565447858541,2.18016789349055,"6"
0.547780992010358,4.06033428319811,1.49906563216514,"6"
1.3447227021549,3.26125167045423,2.49641931861357,"6"
0.7526586199836,5.6183615081539,1.25543448271574,"6"
-0.555484671379387,3.84738982897532,1.96425957988218,"6"
-0.0210074855372496,4.89292537849011,1.12906723930375,"6"
0.458966976508253,4.47679780216957,1.97088882494384,"6"
0.513744600658592,3.2348856592073,2.32886786719202,"6"
-0.556717638920363,3.9366783537343,1.9822566040678,"6"
0.382733528351657,3.48492717787649,2.49104038606097,"6"
0.126158835122704,4.24998117346788,2.23762648826192,"6"
-0.11720859014659,4.79407825003817,2.19477584440231,"6"
0.0128394040569884,4.16209593676134,1.81953365871833,"6"
0.259377236829521,3.47591692075327,2.70897518737751,"6"
0.890712108895114,3.86092614092417,2.37000985480083,"6"
0.063154522206302,4.4761680227317,2.04671051471653,"6"
-0.394057781237638,3.21372623257853,2.12264813241471,"6"
0.438050620663024,4.76827801261037,1.60853274852905,"6"
0.203179604697438,4.62021748609364,1.47899044390765,"6"
4.01893359013988,2.5847260068563,1.22091736357128,"7"
3.09894325651128,4.06679499074961,2.35826920582145,"7"
4.17657704937896,3.35324438956294,1.38492078803805,"7"
3.00883587742881,3.70941713887836,2.53211660867052,"7"
2.51911367832864,4.09088159220472,2.83101808282194,"7"
2.17728236585049,4.31753404327062,1.89898761802737,"7"
3.13350938762522,4.28357177121911,1.7805071178596,"7"
2.83584480361316,4.88853745152517,0.317418295545149,"7"
3.42838918835385,4.45965536565642,2.19489381203035,"7"
2.46625189006232,4.33882025173045,0.967719321943418,"7"
2.87708980754578,4.39175593035327,1.62531550781823,"7"
2.36893732390698,4.34008154513582,1.14518038605695,"7"
3.16600066046567,4.44709772635369,3.04894541580165,"7"
2.95399595338511,4.48361515189572,2.10824754611483,"7"
2.68405614854546,4.35600521446748,1.997937602733,"7"
4.07936723038894,4.68151413392078,2.65714124022089,"7"
3.26435661371179,3.95751933578232,1.06658937595164,"7"
2.5250434315378,3.64853263228711,1.91385087069253,"7"
2.30852866239604,2.79869140466473,1.80384111408525,"7"
2.09552757317831,3.17379880084102,3.05359868229969,"7"
2.9101288112574,4.63819581263551,1.89557572955523,"7"
3.03044303327774,3.40272091756427,2.25027003976913,"7"
3.78198814172726,5.44966636014613,2.27013388968469,"7"
2.41260872804867,3.75329569440671,2.60108047899906,"7"
2.69483865320118,4.71258661295014,2.48103566812731,"7"
2.83729304316509,4.58267867687813,1.69885722617322,"7"
2.64320935431714,4.77895043904417,1.32786427138925,"7"
3.13720734692602,4.38879956100874,3.00119036129741,"7"
2.57152407793296,3.57748655858097,1.74614204206874,"7"
1.83311649120842,4.49858365833278,1.4536724834772,"7"
2.68021697121465,3.23922035889459,2.13828378663962,"7"
2.62650773750927,3.71042530768711,2.17962276473415,"7"
2.02368953804745,3.30514118463264,2.36173884235118,"7"
3.43969083121423,4.50317661267091,2.6084415588363,"7"
2.28815932544044,4.07044151582571,0.794474417845836,"7"
3.54874485884613,2.93373511810475,0.94351419971825,"7"
2.44927479960509,4.29799612626439,2.1807222127342,"7"
3.16697595658185,3.82122551010277,2.44868271240188,"7"
3.30116655765473,4.44313394890093,1.70705234707223,"7"
2.69487922485785,3.56678670736103,1.96128848974879,"7"
2.65344323882423,4.83232334605668,1.35569259629106,"7"
2.03337358315417,3.00503573244828,1.95611082634682,"7"
2.97495309210721,4.24797241011899,2.10717578524073,"7"
3.2465343749838,4.25350694558983,2.27577093933116,"7"
3.98703570339961,2.48147775019482,2.47775645555674,"7"
3.91065899460602,3.81642245596832,3.08207196020354,"7"
3.03319317220323,4.44003641008961,2.44474639186448,"7"
2.81284551124615,4.84148460302288,1.80771111871292,"7"
3.76337945528173,4.14500737166382,1.39031978586123,"7"
4.18846817526018,3.47798669738799,2.05600379576819,"7"
2.92974468531468,3.099852629945,1.09361493005383,"7"
3.3093652365119,3.74637225553083,1.63138016754841,"7"
2.21609754100884,4.24130940721016,2.25774082032694,"7"
2.60638681436601,5.29205299913012,2.34992901641538,"7"
2.87119372793401,4.31653960171485,2.12941430693504,"7"
3.01561300244118,3.29996883539068,2.14834664318705,"7"
3.82849025953654,3.49461082966211,2.20239902851125,"7"
3.15715631415872,4.8261599489989,1.31542362256966,"7"
3.35955966380161,4.09608248092754,1.83820922927472,"7"
2.09761789793811,3.9558909046273,1.56656745695858,"7"
3.76548733683743,4.40212238352594,1.9784863492897,"7"
2.1754213960405,3.29606338425657,2.3418335389258,"7"
3.24182348586116,4.11786293578415,2.41570425427532,"7"
2.59652399502699,4.48188044111349,2.55405809273098,"7"
3.23932844915933,4.47299609810712,1.58402208448179,"7"
3.51757949844674,4.23479911141656,2.45489376592714,"7"
2.91765327163757,3.77793315217433,2.65358484430833,"7"
2.75656281329861,4.59356969408191,2.33127474603257,"7"
3.34313630338316,4.29688713060543,2.11629935012088,"7"
2.41844710550124,3.40137828314524,2.78205602346245,"7"
3.11523185372621,2.86569168708646,1.94373709737135,"7"
3.73486639199198,3.78335652057438,2.11386762206964,"7"
2.26552381615528,3.43598801166891,2.39185877754629,"7"
3.39105736841861,4.40982461523723,1.54284599452033,"7"
2.19211192205968,3.89756654851931,0.777255286692143,"7"
3.53127174503696,4.39797853143425,3.40471313617274,"7"
3.60256392045297,4.36574965982505,1.85131497456975,"7"
2.9611263020681,5.32823503337067,2.0700956667998,"7"
2.09499294576416,3.75073326232014,2.74174717761058,"7"
3.15631406411191,4.4068595580982,1.98476720594561,"7"
2.42350659425546,4.60988917740601,1.40872958672962,"7"
2.5280846474735,4.20679252400781,1.70388899588168,"7"
2.73017805184956,4.29753963159285,1.97212363615584,"7"
3.53938863131496,3.80440501670599,2.38128029828195,"7"
3.20078638644775,3.53675750231704,2.38441911987102,"7"
3.85205834640837,4.02496974954013,1.62081948607335,"7"
2.63750383635648,3.91026188771059,1.54809438458394,"7"
2.18866490003639,4.28612636937566,1.61237034459109,"7"
3.37322391975284,4.97363203322438,2.20673818053186,"7"
2.33707533391439,4.2890132452991,1.28321667852843,"7"
2.13989967306919,4.88744721248501,0.983904727440471,"7"
3.42031844419604,4.3663692016538,2.95167517897828,"7"
3.61519978001836,3.85069384955416,1.75178595635962,"7"
2.56528421666404,4.34903531675117,2.01176305654263,"7"
2.0915859674347,3.85922488452593,2.6803954693792,"7"
2.78012044711104,4.12360612529589,1.33785731546308,"7"
3.2793303175474,4.16661800125476,3.10374914811373,"7"
3.23172395346036,3.82794098300759,2.12955881172839,"7"
3.07599262298613,4.35635458615711,2.07413379557644,"7"
3.04626335290728,4.32820708837317,1.9585342465958,"7"
3.67295971807909,4.19462001613923,1.92761039194432,"7"
3.18836101548534,3.52366943340153,2.35593430577543,"7"
2.14765820933826,3.81611240707063,2.0812382880931,"7"
2.87701396715826,3.86706469079345,1.13384092150056,"7"
2.56611651432204,3.40104054374056,0.835570018190507,"7"
3.71735656171818,3.52439424905141,2.80452107905777,"7"
3.2285870731978,4.407278281723,1.86316260973394,"7"
2.79098278197575,2.92131934690527,2.14725782552618,"7"
3.58510102044125,4.13142494901464,1.42343403365811,"7"
2.90178996154846,4.77166429763601,2.88438874221397,"7"
2.93066734554754,4.82085929377122,2.05619532184201,"7"
2.53392373787829,4.05332413342367,1.47474284480524,"7"
2.40908003109856,3.48592564520321,1.6887156175277,"7"
2.40970915506074,3.16423026190272,1.310808292261,"7"
3.36720991151061,4.44971952537723,1.7865133936593,"7"
2.79198094846466,3.98621413322433,1.4013169285352,"7"
2.65180017863234,4.20898175281578,1.43367135903012,"7"
2.9074654518276,5.13287116151444,2.00510105561116,"7"
2.13757882624891,3.78108271951978,1.61977504551112,"7"
2.97138122337879,4.48638851006805,2.04116606242137,"7"
3.12759129777328,3.89115895679478,2.04823394743266,"7"
3.57249817696143,3.46039488186123,1.86452165133207,"7"
2.71071807481028,4.10305584088849,1.52699101511157,"7"
2.76457402037959,4.90141290727255,1.53539885997935,"7"
3.5669914899882,4.771818635989,0.93113801163723,"7"
3.97897401879659,5.2916389139385,1.48152806390945,"7"
2.65283353754957,4.61690303018512,2.47257250298598,"7"
3.27961724426453,4.91927398402235,1.36000102570374,"7"
3.33929402822915,3.54317410385055,1.9948490659692,"7"
3.51473267549297,4.8200776297792,1.75239133027681,"7"
2.64837113546232,3.7702973462759,1.60307975206326,"7"
2.25885234817448,5.12224226839148,2.31502159778239,"7"
4.76015217922704,3.70385684075238,3.42206530458633,"7"
2.50772833570713,3.85346621094077,2.06610869499331,"7"
3.4427595448606,4.16323130447221,2.65441685917161,"7"
2.06583140721821,3.09546898650453,2.06089583904121,"7"
2.67567064410999,3.45818968335674,1.09272257378855,"7"
4.99616736727274,4.02862878646248,2.0066721614309,"7"
2.78144074757692,4.39305399071961,2.02031178412823,"7"
2.30634864188194,3.8619181502772,0.677226227323841,"7"
2.62214776905899,4.6115988144976,2.30350965122846,"7"
2.21277514177606,3.82305991933744,1.34673110613761,"7"
2.86363164584172,3.98547184550823,2.54335607944857,"7"
3.01868957699685,4.33282652910219,2.59943426789397,"7"
2.4612656540149,3.69947856292025,1.20501763021897,"7"
2.7405831733818,3.03720226190007,2.72310107863715,"7"
2.30325795630337,4.33794582543033,2.79817165077689,"7"
3.5284065026148,4.57552274629588,1.40615515829225,"7"
2.23602279630399,3.90118929012848,1.52962956494623,"7"
2.73583781199777,4.30638077585447,2.09750075217303,"7"
